match_id,account_id,hero_id,player_slot,gold,gold_spent,gold_per_min,xp_per_min,kills,deaths,assists,denies,last_hits,stuns,hero_damage,hero_healing,tower_damage,item_0,item_1,item_2,item_3,item_4,item_5,level,leaver_status,xp_hero,xp_creep,xp_roshan,xp_other,gold_other,gold_death,gold_buyback,gold_abandon,gold_sell,gold_destroying_structure,gold_killing_heros,gold_killing_creeps,gold_killing_roshan,gold_killing_couriers,unit_order_none,unit_order_move_to_position,unit_order_move_to_target,unit_order_attack_move,unit_order_attack_target,unit_order_cast_position,unit_order_cast_target,unit_order_cast_target_tree,unit_order_cast_no_target,unit_order_cast_toggle,unit_order_hold_position,unit_order_train_ability,unit_order_drop_item,unit_order_give_item,unit_order_pickup_item,unit_order_pickup_rune,unit_order_purchase_item,unit_order_sell_item,unit_order_disassemble_item,unit_order_move_item,unit_order_cast_toggle_auto,unit_order_stop,unit_order_taunt,unit_order_buyback,unit_order_glyph,unit_order_eject_item_from_stash,unit_order_cast_rune,unit_order_ping_ability,unit_order_move_to_direction,unit_order_patrol,unit_order_vector_target_position,unit_order_radar,unit_order_set_item_combine_lock,unit_order_continue
0,0,86,0,3261,10960,347,362,9,3,18,1,30,76.7356,8690,218,143,180,37,73,56,108,0,16,0,8840,5440,,83,50,-957,,,212,3120,5145,1087,400,,,4070,1,25,416,51,144,3,71,,188,16,,,,2,35,2,,11,,,,,,,,6,,,,,,
0,1,51,1,2954,17760,494,659,13,3,18,9,109,87.4164,23747,0,423,46,63,119,102,24,108,22,0,14331,8440,2683,671,395,-1137,,,1650,3299,6676,4317,937,,,5894,214,165,1031,98,39,4,439,,346,22,,,12,52,30,4,,21,,,,,,,,14,,,,,,
0,0,83,2,110,12195,350,385,0,4,15,1,58,None,4217,1595,399,48,60,59,108,65,0,17,0,6692,8112,,453,259,-1436,-1015,,,3142,2418,3697,400,,,7053,3,132,645,36,160,20,373,,643,17,5,,7,8,28,,1,18,,,,1,,,,17,,,,,,
0,2,11,3,1179,22505,599,605,8,4,19,6,271,None,14832,2714,6055,63,147,154,164,79,160,21,0,8583,14230,894,293,100,-2156,,,938,4714,4104,10432,400,,,4712,133,163,690,9,15,7,406,,150,21,,,1,9,45,7,,14,,,,,1,,,13,,,,,,
0,3,67,4,3307,23825,613,762,20,3,17,13,245,None,33740,243,1833,114,92,147,0,137,63,24,0,15814,14325,,62,,-1437,-1056,,4194,3217,7467,9220,400,,,3853,7,7,1173,31,84,8,198,,111,23,1,,,2,44,6,,13,,,,1,3,,,23,,,,,,
0,4,106,128,476,12285,397,524,5,6,8,5,162,None,10725,0,112,145,73,149,48,212,0,19,0,8502,12259,,1,,-2394,-2240,,200,320,5281,6193,,,,6593,166,76,832,196,3,5,96,2,161,19,,,2,,36,3,,3,,,,2,,,,2,,,,,,
0,0,102,129,317,10355,303,369,4,13,5,2,107,None,15028,764,0,50,11,102,36,185,81,16,0,5201,9417,,1,,-3287,,,262,320,3396,4356,,,,3325,63,100,609,13,173,14,168,,118,16,,,1,1,43,3,,13,,,,,4,1,,1,,,,,,
0,5,46,130,2390,13395,452,517,4,8,6,31,208,None,10230,0,2438,41,63,36,147,168,21,19,0,6853,13396,,244,107,-3682,,,242,695,4350,8797,,,,13557,11,214,3386,122,,3,506,,491,18,2,3,18,18,30,1,,19,,,,,,,,4,110,,,,,
0,0,7,131,475,5035,189,223,1,14,8,0,27,67.0277,4774,0,0,36,0,0,46,0,180,12,0,4798,4038,,27,,-3286,-39,,,320,2127,1089,,,,2217,55,5,152,68,18,9,71,,97,12,1,2,1,1,38,,,14,,21,,1,1,,,4,,,,,,
0,6,73,132,60,17550,496,456,1,11,6,0,147,60.9748,6398,292,0,63,9,116,65,229,79,18,0,6659,10471,,933,5679,-4039,-1063,,637,320,2685,7011,,,,3801,2,105,516,64,102,19,124,,135,18,2,,2,26,33,4,,22,,,,1,1,,,14,,,,,,
1,0,7,0,76,12160,218,206,3,4,9,0,36,37.9243,4075,0,0,0,0,0,0,0,0,12,0,3857,4652,298,94,66,-1046,,,3169,600,2574,1479,200,175,,1524,45,10,170,90,14,3,86,,90,12,,,,3,52,6,,9,,,,,1,,,,,,,,,
1,7,82,1,9,19625,581,756,9,10,8,9,343,None,13888,0,1679,48,0,176,96,1,108,25,0,2820,6588,298,22842,193,-4910,-238,,50,807,4776,14199,559,175,,3066,57,66,381,615,35,,8,,11,25,1,,2,4,18,2,,16,,266,,1,,,,1,,,,,,
1,0,71,2,1240,10220,339,352,5,13,11,3,76,99.9916,7788,0,81,172,181,63,116,9,73,16,0,9305,5868,,3,,-4067,-1112,,,600,6712,2606,200,175,,1996,1,26,452,6,61,6,48,,109,16,1,,,2,22,,,9,,,,1,,,,3,,,,,,
1,8,39,3,2400,14395,460,544,12,15,9,8,169,30.2234,19920,0,123,116,127,63,46,100,0,21,0,10970,11419,,1038,598,-4995,-425,,660,600,7194,6915,200,,,4214,119,43,961,146,73,4,295,,156,21,1,,1,23,49,3,,52,,,,1,1,,,2,,,,,,
1,4,21,4,1051,12910,365,436,6,11,12,7,131,47.5044,12913,0,537,50,36,41,168,108,21,18,0,8191,9666,298,634,432,-4519,,,622,814,4237,5585,200,175,,5264,208,89,522,88,65,2,354,,78,18,1,1,,78,33,4,,8,,,,,,,,4,,,,,,
1,9,73,128,1277,20275,600,509,2,12,24,2,220,86.2695,14130,0,1765,178,137,1,24,129,48,20,0,7883,12923,596,522,6428,-4608,-320,,212,4055,2808,8070,200,,,4298,84,27,778,137,58,11,85,,275,22,2,,4,7,28,2,1,13,,,,1,,,,7,,,,,,
1,0,22,129,847,21840,487,517,8,5,17,0,193,1.00076,19218,0,988,201,1,190,48,65,235,20,0,6284,15942,,65,,-1555,,,1800,3907,3478,9091,200,,,4296,67,184,197,65,316,5,83,,111,20,5,,11,,35,3,1,20,,183,,,1,,,30,,,,,,
1,0,5,130,389,19165,488,583,14,8,9,0,101,2.20195,11398,0,971,254,102,0,116,108,48,21,0,15399,8827,596,304,120,-2332,-1392,,1081,3912,8495,4006,200,,,5234,67,57,183,69,71,2,30,,7,21,,,2,4,52,5,,22,,101,,1,,,,,,,,,,
1,5,67,131,4055,24165,631,755,16,5,21,11,226,None,28505,0,6149,158,50,147,196,114,46,25,0,17504,14008,596,417,208,-1315,,,1031,4476,9257,8430,510,,,14268,2,141,4019,115,143,5,244,,474,25,2,1,8,21,43,3,,22,,,,,,,,27,165,,,,,
1,0,106,132,2517,22305,585,753,10,7,12,3,250,None,20065,0,1275,48,0,1,141,145,145,25,0,14566,17677,,176,71,-2333,,,1187,4409,6248,9965,200,,,5401,146,98,791,298,5,10,235,,87,26,,1,1,15,36,4,,9,,,,,,,,2,,,,,,
2,10,51,0,259,7990,237,249,5,13,7,3,97,66.2857,15638,0,39,127,102,41,36,214,46,14,0,2555,8396,,374,355,-4277,,,200,600,1950,3330,,,,5054,140,4,1280,143,16,3,217,,132,14,,,9,13,30,1,,18,,,,,,,,5,,,,,,
2,11,109,1,781,12515,322,358,6,11,5,1,179,None,7989,16,1446,147,185,36,63,46,162,17,0,3872,12251,,150,100,-3949,,,800,778,2935,6263,,,,4659,,,2885,7,10,4,123,,318,17,,,2,111,31,2,1,8,,,,,1,,,,,,,,,
2,12,9,2,640,13845,355,425,10,6,8,3,154,70.0816,14295,0,217,170,63,36,212,166,123,19,0,8037,11110,,179,279,-2244,,,,600,4962,5730,,,,4394,188,19,1071,52,1,5,127,1,20,19,,,,18,33,,,8,,,,,,,,1,,,,,,
2,13,41,3,667,13260,328,345,0,9,4,3,154,14.0544,3159,0,0,116,145,172,65,29,0,17,0,2456,13071,,144,100,-2781,,,,600,1069,8583,,,,6297,191,,798,36,18,9,33,,,17,,,,28,18,,,4,,,,,4,,,1,,,,,,
2,0,27,4,147,7380,189,229,1,10,7,0,41,33.0944,4962,0,184,180,60,46,23,21,0,13,0,4235,5747,,450,451,-2750,,,,850,2060,701,,,,4155,55,26,68,38,52,1,26,,1,13,,,,7,33,,,3,,,,,,,,,,,,,,
2,0,38,128,785,20500,450,567,13,7,18,4,163,32.4821,14580,706,1438,1,0,110,63,81,108,22,0,11892,12648,596,566,477,-2303,,,2277,3354,5442,6404,200,,,6653,312,,1837,67,45,4,68,1,,22,2,,6,17,61,7,,20,,,,,,,,10,,,,,,
2,0,7,129,479,15760,376,461,5,6,28,2,78,76.0841,13796,0,729,190,102,1,180,108,0,20,0,12162,8522,,227,50,-1794,,,75,3276,5765,3233,200,,,5532,118,,386,123,10,5,204,,34,20,,,,,51,1,,10,,,,,,,,,,,,,,
2,0,10,130,2298,20735,493,535,17,2,14,5,170,18.3364,15755,0,3141,139,164,63,147,123,0,21,0,11489,12276,,496,267,-688,,,542,3771,6494,7095,200,,,5994,329,3,1049,46,35,5,37,17,,21,,,3,17,29,2,,7,,,,,1,1,,,,,,,,
2,0,12,131,4448,13990,389,454,7,2,13,2,111,None,12177,467,2131,63,81,174,147,46,0,19,0,9464,9864,596,643,397,-418,,,589,3523,4446,4384,369,,,3542,232,,1042,66,63,5,21,1,61,19,4,,10,5,40,4,2,10,,,,,2,,,4,,,,,,
2,0,85,132,3167,10635,313,363,6,5,17,3,51,None,4950,572,551,88,242,46,180,108,0,17,0,8403,6584,596,869,450,-1015,,,,3177,4014,1828,200,,,4567,126,26,267,76,28,6,30,,6,17,,,2,11,27,,,2,,,,,,,,14,,,,,,
3,14,50,0,1847,9690,290,378,4,13,21,8,47,3.01025,7691,10814,371,231,0,94,0,0,0,19,0,11534,6616,1192,128,14,-5147,-1214,,337,1667,5948,1604,400,175,,2747,61,11,250,55,164,5,36,,,19,,,1,,49,4,,13,,217,,1,,,,13,,,,,,
3,0,44,1,1145,18550,498,619,24,13,22,4,170,0.367783,27738,0,450,63,154,116,164,0,135,24,0,21833,8679,1192,148,16,-6287,-2799,,,1760,11571,6255,713,175,,2455,,,731,14,233,4,22,,129,24,2,,7,,38,,,24,,,,3,5,1,,5,,,,,,
3,0,32,2,1244,17825,454,635,17,11,18,5,144,11.8412,23279,0,1987,196,143,116,71,154,63,25,0,21297,9806,1192,377,116,-5029,-1550,,162,1965,10094,5211,671,175,,3374,50,29,1246,49,101,4,48,,,25,3,,13,6,35,3,,13,,,,1,,,,1,,,,,,
3,15,26,3,527,11565,286,351,2,17,21,2,71,84.1923,8725,0,296,1,102,37,48,214,40,18,0,10053,7301,,734,377,-6013,,,37,1520,4649,2471,400,175,,3761,70,12,434,75,210,4,5,,,18,1,1,6,15,33,1,,13,,,,,,,,2,,,,,,
3,16,39,4,1692,19055,453,620,17,12,10,13,148,None,19082,0,1500,63,41,96,108,0,123,24,0,19390,11361,,1142,708,-4968,,,685,1692,10173,5225,400,,,5993,,,1260,124,57,4,253,,340,24,,1,3,59,33,2,,15,,,,,1,,,34,,,,,,
3,17,78,128,1807,20350,459,632,13,8,20,3,128,28.7416,19952,0,1808,210,112,1,180,0,135,25,0,22496,9457,,563,246,-2962,,,969,3281,10221,4722,,,,4926,151,74,742,53,37,4,234,,139,25,,,2,7,32,4,,7,,,,1,,,,,,,,,,
3,0,19,129,2205,24295,523,630,18,11,19,9,183,77.1635,32146,0,3753,152,108,247,116,141,63,25,0,19086,11532,,1831,1046,-4879,-941,,1400,3937,9779,7020,,,,4580,2,83,642,67,71,,152,,38,25,1,,22,53,32,4,,13,,,,1,1,,,1,,,,,,
3,18,31,130,950,13280,323,436,7,16,24,3,44,0.800977,13820,1046,152,0,79,214,92,119,46,20,0,14501,7257,,714,150,-5414,-1141,,932,3127,6625,1597,,,,4382,118,2,502,32,153,4,41,,1,20,3,4,25,,54,4,,17,3,,,1,,,,3,,,,,,
3,19,40,131,968,13000,331,302,5,19,28,0,105,None,13472,0,355,178,190,180,42,60,108,17,0,7518,7923,,110,,-5801,,,,3020,4895,3987,,,,3107,129,,196,220,1,,52,,,17,3,,4,,35,,,7,,,,,,1,,6,,,,,,
3,20,47,132,24,23505,500,631,20,11,19,14,166,None,27992,0,3241,98,249,0,116,63,51,25,0,21288,10625,,543,130,-5239,-1801,,1510,3227,10563,6666,,,,4677,147,20,798,21,521,5,62,,1,25,1,,2,7,52,4,,20,1,,,1,2,,,3,,,,,,
4,0,8,0,4817,18605,732,683,8,2,10,14,268,None,11050,0,9411,1,50,147,0,145,247,20,0,6256,14100,1043,101,90,-508,,,250,4965,3318,10776,751,,,2175,53,119,741,39,9,23,158,,98,20,2,,3,1,30,1,,17,,,,,,,,6,,,,,,
4,21,39,1,3374,19675,707,694,18,4,9,5,139,0.100312,24979,0,1581,41,116,185,63,108,135,20,0,10927,8749,1043,1140,773,-1136,,,922,5066,7178,5405,689,,,3494,91,24,843,124,50,2,530,,43,20,1,1,2,24,42,4,,12,,403,,,,,,8,,,,,,
4,22,55,2,1315,14025,424,372,1,3,13,0,114,4.13965,6395,0,490,178,90,180,1,46,102,14,0,3408,7417,447,471,241,-657,,,1950,3860,987,4712,400,,,3864,149,1,587,49,153,4,45,,278,14,,,3,21,40,5,,3,,,,,,,,2,,,,,,
4,23,87,3,2306,9225,348,309,1,4,15,7,27,None,5420,0,319,65,108,46,214,16,16,13,0,3433,5816,447,64,,-626,,,185,3860,1653,1915,400,,,2153,,11,260,48,64,2,4,,232,13,1,,1,1,33,2,,15,,,,,,,,6,,,,,,
4,24,69,4,2287,17450,624,541,9,3,12,0,120,0.366836,9916,2328,1261,1,231,65,46,81,108,18,0,7005,9362,596,95,1790,-1437,,,412,4499,4079,5725,400,,,2556,29,142,325,13,117,10,52,,96,18,,,,1,36,3,,10,,,,,,,,22,,,,,,
4,25,101,128,994,7770,308,309,4,7,5,2,9,None,5813,446,0,37,92,180,16,254,218,13,0,6340,3385,,26,50,-1883,-671,,75,,6264,258,,,,3587,,16,326,24,72,1,30,,172,11,,,3,,32,1,,7,,,,1,1,,,2,,,,,,
4,26,100,129,102,5560,235,205,3,9,5,0,41,32.3754,7399,0,0,46,41,185,181,0,50,11,0,3148,3243,,82,62,-2391,-736,,,,2827,1381,,,,2993,3,,306,41,29,3,142,,12,11,1,2,1,1,27,,,8,39,372,,1,,1,,2,,,,,,
4,0,22,130,315,7770,271,313,4,5,6,0,61,2.00098,16016,0,0,180,178,190,102,46,0,13,0,2530,7341,,2,,-1195,,,100,,2885,2523,,,,5209,1,15,298,37,165,4,56,,70,13,,,,12,28,3,,12,,,,,1,,,14,,,,,,
4,5,67,131,517,10965,418,467,4,5,6,15,159,None,13006,0,0,170,50,36,56,137,0,16,0,5137,9488,,91,66,-1915,-953,,212,,3639,6321,,,,12649,2,56,2783,66,55,10,144,4,388,16,1,,13,3,23,2,,9,,,,1,3,,,14,128,,,,,
4,27,21,132,102,6915,289,272,1,11,8,4,99,24.155,7830,0,45,41,50,77,23,60,21,12,0,2237,6092,,245,178,-2599,-502,,130,,1816,3982,,,,3140,81,3,391,78,31,7,159,,2,14,1,,1,5,25,2,,19,,227,,1,3,,,2,,,,,,
5,0,32,0,3557,9115,496,507,13,6,14,1,37,None,12298,0,1022,196,71,63,181,36,170,15,0,9007,4133,,168,108,-1854,,,,3360,5648,1298,,,,1834,39,3,247,28,42,3,19,,131,15,1,,,2,26,,,10,,,,,,,,7,,,,,,
5,28,27,1,2496,8655,411,309,3,7,16,2,54,12.197,5459,0,1894,214,36,46,60,1,30,11,0,3954,4037,,133,54,-1223,,,400,3666,2427,2034,,,,2644,66,25,202,25,60,1,13,,272,11,,,3,8,39,4,,11,,,,,,,,28,,,,,,
5,5,67,2,2306,15665,631,644,13,3,19,12,118,None,16923,0,2547,137,50,36,71,147,212,17,0,9844,6871,,200,100,-837,,,1350,3588,5645,4604,,,,9382,,36,3040,51,66,5,130,,444,17,1,,,41,32,1,,16,,,,,,,,20,43,,,,,
5,0,106,3,1714,15015,604,626,14,1,21,7,99,None,20239,0,1241,48,170,145,185,1,41,17,0,8912,7300,,240,72,-239,,,482,3609,5470,4095,,,,4942,143,,546,138,3,2,212,,,18,4,3,2,7,27,2,,6,,414,,,,,,,,,,,,
5,29,71,4,271,10560,423,388,6,6,17,1,18,86.1794,8002,324,16,181,92,226,63,0,40,13,0,7786,2375,,46,,-1764,,,37,3120,4662,701,,,,1158,27,3,177,3,68,4,22,,19,13,3,,3,,24,1,,12,,47,,,4,,,2,,,,,,
5,30,28,128,529,7210,321,302,2,10,4,11,81,51.221,2979,0,20,1,102,34,63,0,182,11,0,2468,5342,,136,82,-2810,,,125,,2297,3420,,,,2063,,46,677,25,44,3,132,,62,11,,,,2,21,3,,16,,368,,,3,,,5,,,,,,
5,0,107,129,760,6945,319,330,5,12,8,0,16,34.0917,7764,0,0,190,36,92,180,73,0,12,0,5431,3132,,106,62,-2748,,,200,,4963,721,,,,2472,121,3,324,112,25,5,43,,243,11,,,1,2,32,1,,8,,,,,,,,5,,,,,,
5,31,62,130,987,6330,312,269,5,9,6,2,14,1.8,7405,0,0,86,181,180,40,36,1,11,0,3728,2987,,368,77,-2241,,,100,,4894,515,,,,2692,58,9,215,11,67,4,88,,5,11,,,1,5,23,1,,2,,96,,,1,,,1,,,,,,
5,0,84,131,1839,4490,285,346,2,9,8,4,18,18.7455,4806,0,0,0,60,46,36,0,29,13,0,6517,2435,,152,244,-2331,-573,,,,4248,363,,,,2432,7,28,249,20,88,2,26,,36,13,,,,5,28,,,6,,15,,1,,,,,,,,,,
5,0,11,132,3,10285,420,430,7,11,9,12,125,None,12035,0,0,26,63,46,162,0,116,14,0,4620,6534,,132,150,-2869,,,642,,3759,4503,,,,1954,49,50,313,8,,1,290,,,14,,,2,8,26,4,,14,,150,,,,2,,5,,,,,,
6,28,20,0,524,10595,320,348,1,7,14,2,38,29.3819,5533,0,775,48,36,59,40,229,212,15,0,6982,5341,,100,150,-2003,,,,3558,2977,930,,175,,3657,76,60,366,49,88,4,38,,324,14,,,2,6,44,,1,9,,,,,3,1,,9,,,,,,
6,32,8,1,674,24215,719,776,20,3,9,7,290,5.51899,22060,0,3671,145,208,147,48,0,1,22,0,12181,15020,,435,473,-1167,-1349,,1282,3931,7445,9901,,175,,4339,79,161,585,48,16,8,245,,52,21,,,,16,34,4,,,,149,,1,,,,17,,,,,,
6,5,67,2,1289,18775,543,628,5,2,18,2,198,None,18519,0,2796,196,63,147,212,36,137,20,0,10005,11753,,568,598,-148,,,362,3775,3886,7250,,175,,12914,,93,3107,99,79,16,109,,460,20,,,,44,43,2,,12,,,,,,,,12,104,,,,,
6,33,69,3,5056,14440,564,507,10,10,13,1,163,0.300571,16516,286,802,50,81,119,73,154,0,18,0,7938,9871,,284,2099,-2870,,,387,3527,4847,5807,,175,,2670,13,91,879,13,88,8,170,2,49,19,,,,10,39,5,,11,,88,,,,,,4,,,,,,
6,34,100,4,2687,14475,425,426,4,7,19,0,106,56.7867,11005,1195,423,231,36,92,46,152,0,16,0,7290,7848,,78,,-1883,,,2849,3360,3755,4229,,175,,3802,87,119,333,66,135,4,186,,20,16,,1,1,3,42,5,,2,,26,,,1,,,7,,,,,,
6,35,30,128,867,7855,293,326,4,10,13,0,15,84.4562,8757,4445,163,254,46,37,36,180,188,14,0,6752,4059,714,19,,-2390,-916,,,680,5177,589,400,,,2015,72,93,160,50,46,2,29,68,14,14,,,1,,39,,,4,,52,,1,,1,,5,,,,,,
6,36,41,129,93,17485,460,483,8,7,8,16,178,35.9411,12937,0,275,212,158,63,108,172,46,18,0,5837,10186,714,369,233,-2813,,,1794,680,4176,7270,400,,,3565,67,33,850,126,3,8,117,2,237,18,,,4,5,40,4,,12,,,,,3,,,2,,,,,,
6,37,102,130,1737,8630,329,443,3,6,15,3,58,None,8781,4679,729,36,187,50,181,0,81,17,0,8523,6146,714,337,292,-2364,-1003,,1050,1066,4033,2168,551,,,4638,5,28,1226,11,176,4,145,2,42,17,,,2,21,38,5,,14,,197,,1,1,,,21,,,,,,
6,38,85,131,560,6425,245,250,5,11,15,0,44,None,6723,2049,310,182,0,46,0,231,0,12,0,3657,4427,714,88,54,-3079,,,,680,2313,1695,400,,,3612,213,27,398,97,39,4,57,,31,12,,,8,8,24,,,14,,,,,,,,2,,,,,,
6,0,11,132,1229,15335,531,551,8,10,9,6,224,None,15395,0,1492,63,41,36,212,116,154,19,0,6731,11516,714,565,573,-3170,,,,876,4270,8782,761,,,3099,96,134,687,7,2,1,277,,106,19,3,,6,26,30,,,18,,,,,1,,,,,,,,,
7,39,53,0,3239,20220,607,517,9,3,14,1,228,None,9823,0,4327,204,194,88,37,65,48,19,0,7454,12070,447,122,200,-1197,,,65,4850,4082,10356,200,,,3841,77,133,306,107,56,3,20,,4,19,,,,1,32,3,,13,,88,,,2,,,4,,,,,,
7,40,44,1,1524,24835,638,816,16,3,13,14,200,13.7884,20971,0,4028,116,160,164,143,135,63,24,0,17851,12961,447,436,187,-1557,,,2074,4698,7669,7974,200,150,,2791,13,35,1243,3,198,6,96,2,4,24,1,,1,14,39,7,,5,,,,,,,,1,,,,,,
7,0,96,2,1557,12830,385,391,4,7,19,4,81,41.9868,11328,0,814,1,127,40,214,108,61,16,0,6974,7613,447,140,70,-2183,,,494,4098,3411,3136,200,150,,4721,135,,691,52,74,8,108,,52,16,3,3,2,8,34,4,,16,,,,,,,,12,12,,,,,
7,0,14,3,1343,17770,444,505,14,7,8,4,23,16.867,9760,1428,482,102,41,1,114,0,214,19,0,13578,5138,,922,405,-1883,,,2343,3860,7875,860,200,150,,5957,139,43,202,85,56,5,71,81,213,19,1,3,2,40,48,3,,16,,,,,,,,8,,,,,,
7,0,74,4,4237,15530,557,609,11,6,17,11,146,52.7943,16167,0,2179,108,1,100,48,65,40,21,0,10688,12161,447,344,206,-2514,-830,,180,4245,5237,7299,596,150,,3926,107,2,920,130,53,9,975,,196,21,4,,14,16,29,1,,15,,,,1,,,,8,,,,,,
7,0,93,128,912,17725,558,776,6,10,7,7,222,None,11362,0,111,65,249,116,63,212,51,24,0,15091,15049,,,,-4340,-2074,,532,64,7541,10187,,,,4533,14,9,2059,3,17,5,190,1,290,24,,,,,33,3,,9,,,,2,3,,,,,,,,,
7,41,30,129,1024,6930,250,240,6,11,4,3,53,40.3293,5901,70,0,0,116,0,180,0,182,13,0,3434,5776,,136,124,-3259,,,25,160,3994,1579,,,,5185,76,31,197,32,52,2,27,24,63,13,,,,1,19,1,,4,,,,,,,,3,,,,,,
7,0,35,130,1365,7740,301,320,3,12,10,0,86,0.266646,7921,0,0,63,36,249,0,46,0,15,0,5888,6553,,,,-3438,,,,160,4318,3351,,,,4670,,149,375,38,19,4,43,,91,15,,,,5,18,,,8,,,,,1,,,1,,,,,,
7,42,21,131,280,15800,440,593,6,10,6,7,174,50.4703,10534,0,0,116,50,41,46,168,108,21,0,10468,12160,,402,340,-3650,,,617,160,6114,6589,,,,3804,5,,1223,96,32,1,258,,101,21,1,1,6,42,37,3,,10,,,,,,,,,,,,,,
7,43,26,132,408,5015,191,225,1,12,8,1,52,29.1297,3705,0,0,36,187,0,214,0,77,12,1,3655,4959,,150,80,-2808,,,,160,1476,1837,,,,2828,109,14,495,31,106,4,20,,35,12,,,,3,35,,,5,,,,,1,,,4,,,,,,
8,44,44,0,237,11450,403,399,5,10,7,1,133,None,7074,0,65,145,29,71,116,46,164,15,0,6732,6499,,106,100,-3170,,,,320,4637,5072,,,,5132,97,26,245,,80,4,7,,,15,,,,1,16,,,3,,,,,,,,1,,,,,,
8,45,28,1,1043,9555,352,410,3,9,7,2,64,44.0387,4474,0,527,1,151,63,46,21,8,16,0,8906,4653,,139,78,-2691,,,137,495,5133,2732,,,,5102,116,1,873,5,30,5,134,27,,15,,,,20,21,2,,8,,,,,3,,,,,,,,,
8,0,85,2,1492,6005,246,269,2,6,7,6,31,None,5619,85,148,242,180,0,0,0,0,13,0,4025,4964,,18,,-1824,,,,320,3238,1344,,,,4483,68,,269,60,13,7,24,,34,13,,,,,22,,,6,,,,,,,,,,,,,,
8,0,22,3,2716,7220,358,379,4,13,7,0,90,1.43356,10425,0,164,108,41,180,0,0,77,15,0,5179,7216,,256,220,-4037,,,,563,4250,3597,,,,3409,114,,422,19,130,4,75,,41,15,6,,10,13,16,,,5,,,,,1,,,,,,,,,
8,0,30,4,458,8570,303,394,3,13,9,7,24,40.7271,8786,3375,242,29,73,254,44,60,181,15,0,8356,4809,,6,,-3437,,,175,320,5519,952,,,,3071,93,58,237,34,46,3,17,45,,15,,,,10,33,2,,3,,,,,3,,,3,,,,,,
8,0,71,128,1712,14295,461,476,9,3,11,0,52,73.4949,8562,405,959,9,92,249,63,55,46,17,0,8079,7094,,759,555,-927,,,337,3860,5319,2139,200,,,2231,27,,207,3,69,4,20,,,17,,,,20,28,3,,11,,,,,2,,,,,,,,,
8,46,93,129,1123,19225,588,686,17,2,8,3,113,7.84124,16569,0,550,170,249,135,212,63,143,20,0,13549,8565,,822,416,-958,,,344,3972,7308,4423,200,,,1822,61,,392,2,,4,126,,65,20,,1,,11,31,1,,4,,,,,1,,,1,,,,,,
8,47,46,130,4926,14520,604,733,15,4,11,5,103,None,20864,0,3889,41,168,50,0,141,1,21,0,15336,7648,894,620,371,-1886,,,232,4622,7489,4157,200,,,3874,,34,570,60,,4,351,,98,21,1,,2,33,25,1,,9,1,,,,,,,1,,,,,,
8,0,18,131,1686,16120,545,500,4,4,7,7,204,25.7897,8920,0,4207,172,4,63,116,55,141,17,0,4686,11039,894,124,150,-1526,,,312,4486,2175,7567,478,,,2116,65,19,341,1,11,11,63,,182,17,2,,4,1,21,3,,14,,,,,,,,,,,,,,
8,48,39,132,2882,11995,439,405,5,5,13,3,69,None,10620,0,2251,46,77,123,63,181,108,16,0,6706,6716,,143,150,-985,,,15,5116,3559,2293,200,,,1444,31,,425,53,17,7,12,,,16,,,,,20,1,,5,,,,,,,,1,,,,,,
9,0,58,0,974,13765,309,465,8,8,11,5,54,None,10240,2035,467,73,48,79,108,149,0,20,0,15094,7881,,16,,-3592,,,950,869,7390,2105,,,,5003,173,3,370,7,16,3,71,,1,20,,,,,32,2,,2,33,,,,,,,,,,,,,
9,0,28,1,874,7300,221,244,5,17,4,7,48,31.742,3368,0,212,182,36,63,1,8,21,15,0,5472,6587,,8,,-5443,,,,680,3287,2028,,,,2875,82,20,323,20,54,4,105,,4,15,1,,,1,15,,,6,,,,,,,,,,,,,,
9,0,44,2,68,18675,395,437,12,12,14,21,195,6.22168,15172,0,412,145,50,116,168,143,0,20,0,11811,9434,,363,201,-5058,,,1525,906,6163,7321,,,,4636,14,,2253,10,231,4,197,,350,20,,,,9,30,3,,26,,,,,,,,3,,,,,,
9,0,86,3,497,8980,232,281,4,14,15,3,42,89.6253,9757,325,280,1,41,180,90,43,0,16,0,7157,6727,,8,,-4636,,,,680,4382,1480,,,,2628,105,2,381,59,130,3,58,,2,16,,,,,22,,,3,,,,,1,,,,,,,,,
9,0,39,4,599,14345,393,615,8,7,20,8,180,None,20021,0,530,98,63,41,129,108,77,24,0,18627,11501,,248,156,-3623,-1625,,37,680,7659,6011,,,,4077,,,726,81,39,2,155,,255,24,1,,1,11,25,1,,10,,,,1,1,,,2,,,,,,
9,49,36,128,5389,18175,500,659,16,5,25,0,187,23.0754,15487,3097,2594,94,137,63,108,46,160,25,0,16199,15643,,710,362,-2125,,,350,3700,7538,8003,,175,,3146,142,,490,6,26,,200,,,25,,,,19,23,1,,9,,,,,2,,,18,,,,,,
9,50,26,129,3522,16475,404,615,11,6,23,12,47,101.144,17446,0,287,104,176,214,1,108,46,24,0,20600,9436,,323,132,-1884,,,263,3700,8958,2059,,175,,5483,92,21,291,54,120,3,19,,353,24,,1,,2,32,2,,18,,,,,,,,,,,,,,
9,51,74,130,2012,14135,356,395,9,12,18,7,63,61.316,16312,0,1410,41,50,98,3,135,2,19,0,11183,7997,,344,233,-4908,,,71,4465,5440,2361,,175,,4172,174,3,1020,54,34,1,462,,1,19,,,,41,24,2,,16,,,,,,,,,,,,,,
9,52,48,131,3925,28675,651,658,15,3,14,6,358,13.2654,21432,0,5486,116,249,156,147,139,63,25,0,15355,16617,,544,598,-897,,,332,4896,7904,13830,,,,3110,3,71,614,3,43,4,141,,25,25,,,,48,32,3,,4,,,,,1,,,5,,,,,,
9,0,14,132,1679,10175,332,399,6,14,18,3,77,31.0308,11241,0,92,214,131,108,61,0,0,19,0,8431,10775,,523,265,-5116,-1380,,31,3806,4018,3202,,175,,5158,,9,314,48,22,8,3,132,7,19,1,,1,18,35,1,,11,,,,1,1,,,6,,,,,,
10,0,35,0,3063,7560,398,366,4,2,6,14,85,0.133262,6450,0,1137,152,44,212,55,0,63,13,0,3221,6238,,79,,-388,,,,2391,1712,3478,200,,,3231,104,201,208,23,9,3,24,1,2,13,,,,1,15,,,8,,,,,,,,1,,,,,,
10,0,50,1,252,6355,243,274,0,2,3,3,7,None,1034,2344,503,180,40,187,46,44,0,11,0,2584,3593,894,94,,-508,,,,2180,1126,222,200,,,2909,113,1,241,9,73,2,15,,,11,,1,,,26,,,2,,,,,,,,1,,,,,,
10,53,44,2,6957,17325,917,871,24,1,3,11,224,13.5644,26143,0,3719,50,208,46,41,145,168,20,0,9359,11698,894,755,458,-389,,,135,3730,7688,8831,599,,,3312,128,63,860,2,246,15,154,,,19,1,1,4,73,23,2,,18,,294,,,,,,8,,,,,,
10,54,69,3,835,13040,533,402,3,4,2,0,114,0.0333154,2709,421,608,65,1,50,11,81,108,14,0,1881,8314,,293,1674,-866,,,100,2526,1369,5527,200,,,1541,47,,338,14,47,6,60,,32,13,,,,20,25,1,,14,,,,,,,,4,,,,,,
10,55,29,4,673,10925,415,570,1,4,14,1,52,27.8605,8670,213,425,1,231,19,73,46,36,16,0,7698,6943,,216,136,-1106,,,812,2415,3407,2070,200,,,9497,2,1,1965,19,46,4,173,,338,16,,,,11,34,2,,11,,,,,2,,,5,,,,,,
10,56,14,128,765,3500,205,198,3,10,3,0,13,17.2961,4862,0,0,214,4,41,19,0,0,9,0,1797,3162,,221,148,-2270,,,,160,1930,521,,,,3303,63,1,101,32,17,,33,47,,9,,,,8,13,,,11,,,,,,,,3,,,,,,
10,57,103,129,28,5550,225,205,2,7,4,0,19,49.0547,5451,0,0,0,36,29,0,46,229,9,0,2456,2889,,,,-1343,,,175,160,2458,644,,,,10359,6,,548,43,3,4,53,,24,9,,,,,28,2,,7,,,,,,,,,,,,,,
10,58,72,130,1701,7000,386,449,5,6,3,6,119,8.33132,9289,0,109,63,164,36,0,212,170,14,0,4522,7191,,,,-2064,,,37,160,2620,4689,,,,2488,56,2,791,11,8,5,53,2,,14,,,,,20,1,,8,,,,,2,,,,,,,,,
10,59,56,131,113,5245,220,271,2,5,2,1,24,None,4187,0,520,98,0,29,0,0,0,11,0,2686,4360,,25,,-1255,,,,322,1832,991,,,,1327,25,,170,5,4,4,37,,,11,,,,,15,,,,25,,,,,,,,,,,,,
10,60,30,132,498,4105,211,198,1,7,4,0,25,50.7206,7897,0,6,94,180,60,39,0,0,9,0,1234,3721,,222,178,-1763,,,31,160,1680,889,,,,2751,81,,354,23,24,2,8,,,9,,,,2,17,1,,5,,,,,,,,3,,,,,,
11,0,94,0,1272,25545,581,593,7,8,19,5,427,32.6871,18083,0,543,158,50,65,160,247,139,25,0,9606,22187,,641,261,-4402,-382,,177,609,6276,19169,,,,8042,1,418,292,8,52,2,229,150,1,25,,1,,1,31,3,,6,,19,,1,3,,,1,,,,,,
11,0,28,1,552,17525,339,462,3,13,13,8,170,43.2995,5810,0,101,1,116,0,50,112,46,22,0,11562,13464,,245,31,-3797,,,1944,400,5489,7167,,,,4551,68,402,478,5,104,9,247,,10,23,1,,1,,35,5,,8,,,,,,,,1,,,,,,
11,0,3,2,2365,11410,307,517,4,8,14,2,25,145.831,6753,0,15,29,1,36,43,127,108,23,0,21480,6606,,231,131,-3142,-16,,161,400,10228,570,,,,3751,75,49,137,33,71,2,16,,,24,,,,,30,3,,5,,,,1,,,,,,,,,,
11,0,11,3,1181,26930,597,597,21,11,7,8,309,0.100303,21868,0,543,63,164,249,135,160,116,25,0,13867,18182,,634,387,-5419,-50,,100,400,13544,12887,,,,4380,84,139,542,13,2,4,383,,147,25,4,1,3,9,45,1,,22,,,,1,4,,,6,,,,,,
11,61,50,4,3832,12075,310,430,5,9,11,0,54,1.53857,4001,2982,22,90,92,40,180,187,0,21,0,15541,6914,,1077,544,-2391,,,183,400,8754,1815,,,,4637,63,73,161,63,140,5,25,,,20,,1,,7,58,2,,19,,,,,,,,2,,,,,,
11,62,40,128,3932,17210,423,469,11,7,22,8,160,None,23286,0,739,50,152,108,123,46,40,22,0,9456,14616,1341,270,153,-3323,,,269,3760,6430,6545,600,175,,6140,122,149,358,232,8,3,233,,23,22,2,,4,1,48,2,,7,,,,,,,,3,,,,,,
11,63,75,129,3343,24220,564,601,15,11,17,6,236,None,20613,1382,1065,123,231,1,65,108,206,25,0,15562,16172,894,251,114,-5899,,,577,4069,8187,11963,885,175,,4354,111,91,440,61,67,5,82,,,25,3,,6,38,47,3,,13,13,,,,,,,,,,,,,
11,0,46,130,4149,28215,603,599,14,3,8,8,364,None,21795,0,6416,116,48,1,112,139,168,25,0,10833,19528,894,1515,1397,-1767,-1847,,1895,4260,6800,14457,600,,,6908,216,117,2016,122,2,4,603,,232,25,2,,3,62,28,4,,9,,,,1,,,,,,,,,,
11,64,96,131,5288,16025,448,592,8,9,15,4,163,48.3387,15146,0,551,0,210,1,127,214,114,25,0,16743,13858,1341,479,298,-4281,,,250,3935,6598,6801,1236,175,,5945,180,7,905,59,85,4,149,,74,25,4,,9,8,28,2,,9,,,,,,,,1,,,,,,
11,65,104,132,754,18975,423,426,0,12,10,1,286,None,5272,0,2439,1,127,112,5,63,168,21,0,1435,21147,447,300,127,-5208,,,162,3916,671,12190,600,175,,3027,2,,1612,49,90,5,21,,,22,,,,11,30,3,,9,,,,,1,,,2,,,,,,
12,66,93,0,1541,26485,554,498,18,13,14,4,348,44.2536,23671,0,2495,208,48,249,135,170,0,25,0,14421,18396,,379,242,-7667,-5273,,1400,1581,14975,13436,,,,7634,5,226,2000,16,12,6,548,,404,26,4,,6,14,48,4,1,17,,,,3,,,,,,,,,,
12,67,74,1,6259,28935,584,487,19,9,23,25,447,149.446,26284,0,2884,108,48,116,1,235,0,25,0,12892,18983,,558,428,-6171,-1825,,6212,1609,10577,19662,,,,6896,118,152,834,181,67,4,1665,1,58,25,2,,10,7,34,7,,16,,,,3,1,,,3,,,,,,
12,68,22,2,1837,14735,276,368,5,9,32,1,145,3.13357,22407,0,173,178,29,30,1,194,102,21,0,10444,13230,,834,398,-3531,,,369,1435,5678,4217,,,,7126,179,7,356,166,541,2,116,,306,22,3,1,25,12,44,3,,9,,,,,2,1,,25,,,,,,
12,69,101,3,814,15755,337,464,13,13,24,4,105,None,16775,0,308,26,102,96,46,180,94,24,0,19455,10809,,666,422,-5387,-3214,,237,1435,11036,2951,,,,5121,159,31,778,61,262,2,103,,419,24,1,4,17,5,50,2,,18,,,,2,,,,10,,,,,,
12,70,41,4,1540,27280,522,494,9,12,23,17,411,49.8266,12707,0,926,158,52,116,172,220,108,25,0,16151,16420,,362,232,-5868,-3743,,1561,1870,11264,14762,,,,6518,102,55,1029,116,28,17,99,,323,25,4,,6,7,38,6,,5,,,,2,4,,,7,,,,,,
12,71,105,128,1157,23525,419,414,15,13,6,0,233,29.2632,20213,0,403,102,37,108,235,121,29,23,0,15365,11623,357,228,144,-5718,,,912,3760,6798,9599,800,175,,5119,134,126,168,528,46,,208,,396,23,66,1,83,17,63,4,3,30,,,,,,,,10,,,,,,
12,0,21,129,216,21830,453,487,12,12,11,5,212,73.4854,23446,0,3000,48,1,141,21,51,108,25,0,16308,13468,1192,1467,956,-7458,-5348,,1149,4664,8155,8519,1076,175,,6800,6,175,1150,200,121,2,367,,530,25,15,3,21,82,38,4,,8,,,,3,1,1,,6,,,,,,
12,0,1,130,1554,39915,688,487,17,10,4,1,627,32.7706,20328,613,5553,48,145,139,147,208,114,25,0,5645,25560,1192,50,308,-6410,-1888,,2199,3566,9798,23596,1762,175,,4282,74,615,1084,342,23,19,697,,414,25,4,1,9,10,55,4,,21,,6,,1,3,,,8,,,,,,
12,72,7,131,114,24685,362,403,4,27,9,1,134,89.807,9870,0,880,0,1,65,102,48,226,22,0,11297,14204,953,391,207,-9693,-2821,,6582,3693,4471,8131,800,175,,5018,99,66,441,233,67,2,209,,108,22,7,,29,10,100,8,1,19,,179,,2,,7,,27,,,,,,
12,73,18,132,2302,23640,422,486,7,13,16,4,160,53.1538,15999,0,1900,1,141,116,63,247,0,25,0,18926,12210,596,670,546,-6107,-1888,,2729,3859,9055,7071,800,175,,5460,104,44,696,74,71,4,193,,594,25,4,,13,17,42,7,1,34,,,,1,1,,,,,,,,,
13,0,81,0,3534,16720,496,527,5,6,6,9,271,21.2435,5843,0,3520,112,40,164,63,147,151,20,0,4310,16145,894,211,78,-1104,,,324,3783,2350,9791,200,,,2139,35,562,271,3,42,12,46,108,26,20,1,,4,10,27,4,,7,,,,,,,,,,,,,,
13,0,100,1,1309,14230,409,393,8,9,11,0,81,32.9661,12612,0,0,168,152,50,36,46,185,17,0,7863,6908,894,440,235,-2781,,,112,2920,5694,3375,441,,,3409,55,405,181,56,99,8,188,,,17,1,,6,5,39,1,,14,,,,,,,,3,,,,,,
13,74,25,2,903,15705,390,379,8,3,8,2,116,57.8512,11122,216,1842,121,50,100,0,21,46,17,0,5907,9312,,302,124,-778,,,797,2920,3845,4793,200,,,3991,,165,309,206,109,4,120,,,17,,,,3,42,4,,8,,,,,,,,2,,,,,,
13,0,63,3,853,15735,410,502,3,4,12,1,134,None,8169,0,2659,63,212,123,46,168,51,19,0,7775,12113,,651,358,-1376,,,,4283,2695,5165,200,,,2751,43,169,122,27,1,4,126,,,19,1,,,17,27,,,9,,,,,,,,,,,,,,
13,0,32,4,3443,13510,416,524,10,3,4,4,91,2.60908,11532,0,1801,196,181,154,30,63,143,20,0,11655,9545,,265,104,-957,,,121,3029,5751,3842,200,,,3258,77,46,753,39,42,1,12,,243,19,2,,7,3,26,2,,7,,,,,2,,,,,,,,,
13,75,6,128,1160,11800,340,338,4,5,6,2,131,0.200615,7503,0,1733,63,135,152,0,44,164,16,0,4180,9552,,123,100,-1645,,,75,1575,2808,5355,,,,2878,78,,443,27,266,3,46,,116,16,,,,7,13,1,,3,,,,,2,,,2,,,,,,
13,76,60,129,569,14665,376,429,7,4,5,17,192,1.80171,7619,240,839,63,46,92,0,112,108,18,0,4955,12236,,361,392,-1646,,,800,1075,2828,6997,,,,3500,,93,709,4,70,,50,,11,18,,,,7,30,6,,12,,,,,1,,,3,,,,,,
13,0,74,130,712,8495,267,300,5,9,8,1,63,25.0634,7039,0,382,29,1,100,77,23,21,15,0,4532,7485,,252,199,-2631,,,,880,3205,2562,,,,4374,164,4,384,52,18,4,326,,,15,,,,8,17,,,9,,,,,,,,5,,,,,,
13,0,7,131,1065,8660,274,341,3,13,12,3,73,98.7213,8914,0,214,1,180,218,0,46,0,16,0,6160,7552,,236,129,-3347,-23,,278,880,3315,2814,,,,4512,162,,415,127,9,2,211,,,16,,,,10,46,2,,14,,,,1,1,,,6,,,,,,
13,77,21,132,478,13835,376,421,6,5,5,4,158,28.8984,9422,0,538,1,50,102,41,46,108,18,0,5614,10950,,668,452,-2125,,,,880,3651,6328,,,,4402,41,3,651,132,52,1,242,,216,18,,,,13,28,,,7,,,,,,,,2,,,,,,
14,0,75,0,1509,8740,368,342,4,5,6,9,41,2.53271,8787,0,797,63,100,36,46,67,43,13,0,4061,5596,,223,176,-1585,,,,3360,2457,1381,200,150,,3619,141,40,433,45,19,4,49,,,13,,,,2,34,,,9,1,,,,,,,,,,,,,
14,0,1,1,1941,11785,500,377,4,5,5,13,148,0.500513,5655,0,1645,145,147,16,0,0,63,14,0,3244,7538,,93,10,-1645,,,125,3631,1654,5898,200,150,,3286,103,157,355,65,5,11,13,,,14,,,,1,23,2,,5,,,,,,,,,,,,,,
14,53,44,2,4267,23190,926,1102,22,3,1,13,274,15.7347,25731,0,3757,208,50,145,170,0,112,24,0,12899,15923,1789,1171,843,-1167,,,1100,4150,8077,10386,374,,,3493,69,89,836,5,235,15,160,,5,21,3,,13,54,36,5,,17,,310,,,,,,,,,,,,
14,0,7,3,2740,9325,427,372,3,4,12,2,58,36.6104,6092,0,638,60,0,180,1,46,0,14,0,6029,4391,,329,212,-1046,,,137,3421,3546,1907,200,150,,2780,104,,266,90,16,23,77,,38,14,1,,2,3,35,2,,19,,,,,,,,12,,,,,,
14,78,28,4,4219,10620,512,522,8,4,7,4,92,46.3562,10271,0,1557,0,168,1,151,63,0,16,0,8254,6603,,213,110,-1166,,,212,3562,4455,3414,200,150,,2224,,3,481,35,25,5,69,45,143,16,,,1,3,22,2,,8,,,,,,,,3,,,,,,
14,79,100,128,1445,5590,304,366,2,11,2,3,75,21.6281,6205,0,0,185,11,50,46,30,215,14,0,4037,6414,,100,70,-3319,,,50,,2660,3153,,,,2239,60,28,400,42,29,7,79,,110,13,,1,5,2,21,1,,8,21,,,,,,,,,,,,,
14,80,22,129,1633,6780,354,476,5,11,4,0,29,1.30024,9329,0,0,41,190,23,21,180,0,16,0,8291,5433,,,,-2779,-556,,46,,6052,1294,,,,1828,37,,146,4,90,7,38,,,15,1,,5,,15,1,,2,,,,1,,,,,,,,,,
14,81,105,130,53,5725,202,216,7,6,1,0,20,6.56506,8783,0,0,59,60,178,0,21,0,11,0,4428,1660,,147,119,-1044,,,150,,2005,820,,,,683,49,7,34,110,13,,46,,48,11,18,,17,5,19,1,,1,,,,,,,,,,,,,,
14,0,32,131,1695,4935,265,349,2,7,1,4,48,None,2586,0,0,22,63,44,71,22,19,13,0,3557,6505,,,,-2393,,,,,2943,1819,,,,2868,64,1,308,24,18,7,1,,,12,,,2,,15,,,6,,,,,,,,,,,,,,
14,0,33,132,188,8070,308,333,4,8,4,0,68,7.39868,3389,0,0,1,92,116,29,0,0,13,0,5909,3694,,,,-2002,,,,,4045,1973,,,,2536,13,11,124,33,30,9,1,,34,13,,,,1,14,,,3,,,,,1,,,1,,,,,,
15,0,20,0,1056,15300,353,534,6,9,19,0,61,47.3095,10035,0,1134,102,90,48,229,0,212,23,0,18428,8568,596,247,102,-4761,-1463,,799,2185,7898,2583,400,,,6894,,1,352,42,91,4,25,,,24,,,,7,45,4,,10,,,,1,,,,,,,,,,
15,82,104,1,1064,20225,507,625,16,12,15,1,247,0.668711,16019,0,3888,48,71,135,1,247,112,25,0,16920,13778,1490,345,176,-6618,-1554,,112,2072,8818,9372,769,,,2697,99,1,537,93,73,3,23,,,25,,,7,27,18,1,,9,,59,,1,2,,,10,,,,,,
15,0,2,2,2310,11540,332,384,7,17,8,1,98,None,9311,0,651,1,127,36,0,125,48,19,0,10389,8756,596,275,162,-6433,,,515,2358,5057,4121,400,,,2639,38,133,612,35,49,3,101,,,20,,2,,27,28,,,8,,,,,,,,,,,,,,
15,83,93,3,2297,12770,384,616,7,13,20,1,128,0.200625,12985,0,1349,41,152,63,181,46,135,24,0,19251,10576,894,1348,734,-6437,-1489,,100,1462,7544,4692,400,,,7366,1,96,698,13,3,4,444,,173,24,1,2,,28,32,,,18,,,,1,4,,,1,,,,,,
15,0,34,4,1311,18820,514,622,16,14,13,11,241,None,26112,0,386,41,176,204,1,178,48,25,0,17030,14522,,866,570,-7516,-1736,,,2490,8608,9521,400,,,2346,30,41,164,242,103,5,686,,3,25,,,,12,20,,,10,1,,,1,,,,,,,,,,
15,0,14,128,2128,22425,517,627,12,14,23,3,125,49.6025,25387,0,2108,102,127,114,48,108,0,25,0,21438,10922,,293,100,-5176,,,899,4449,12064,4948,,175,,4489,96,,420,84,82,4,55,175,,25,,,,1,38,6,,15,,,,,,,,2,,,,,,
15,0,21,129,2063,17185,453,582,11,11,12,9,149,41.9745,15611,0,6239,48,108,50,166,135,0,24,0,19097,11129,,94,,-4699,-1734,,235,4352,8119,5729,,175,,5642,171,118,451,56,55,4,171,,,23,,,,,25,1,,5,,12,,1,1,,,9,,,,,,
15,76,47,130,5576,18285,500,626,14,8,20,6,149,None,15626,0,3660,63,46,147,212,108,139,25,0,21451,10993,,152,175,-3652,-1505,,25,5199,9526,5947,,,,3321,2,78,344,8,195,5,30,,6,25,,,,14,31,1,,11,,,,1,1,,,,,,,,,
15,0,22,131,2132,18565,459,610,13,9,28,0,117,3.60287,28241,0,209,235,108,110,180,41,0,24,0,17726,13674,,391,115,-3081,-138,,,3860,10005,4573,,175,,4048,47,,70,20,196,,83,,,24,,,,4,28,,,6,,,,1,3,,,6,,,,,,
15,84,44,132,2057,21175,528,627,12,14,17,3,299,7.45933,15704,0,3176,145,0,48,116,168,143,25,0,18012,14617,,49,200,-6436,-1800,,1800,3718,7561,10635,,175,,3891,89,1,1154,13,229,9,31,,169,25,,1,,12,37,2,,10,1,,,1,,1,,7,,,,,,
16,0,2,0,1099,16475,412,463,8,15,11,1,257,None,11004,0,445,1,127,58,242,90,214,22,0,10344,14686,,624,380,-5715,-1576,,212,2100,5820,9005,,,,3907,4,271,625,81,44,10,104,,,22,12,,12,8,37,2,,24,,,,1,,,,1,,,,,,
16,0,86,1,610,16285,353,477,2,4,18,5,143,76.9391,8208,0,151,180,108,102,1,58,0,22,0,10783,14175,,1459,787,-1856,-1641,,232,2100,5622,5499,,,,6530,114,223,357,130,166,4,93,,5,22,1,,7,11,45,1,,14,,,,1,5,1,,45,,,,,,
16,85,81,2,2457,19170,427,498,15,13,6,6,201,38.6888,17867,0,2913,151,116,164,63,170,112,23,0,11631,15867,,64,,-5597,,,649,2585,7669,7858,,,,4156,95,27,564,14,114,4,46,57,51,23,,,1,8,42,5,,16,,,,,,1,,3,,,,,,
16,0,4,3,3907,18880,484,586,15,8,12,9,256,2.07393,21934,554,1981,127,36,114,63,143,154,25,0,15623,16214,,615,324,-4582,-1852,,1214,2499,8534,9911,,,,4828,143,341,1048,49,213,4,122,,,26,,,,18,52,8,,6,,,,1,,,,,,,,,,
16,0,14,4,2593,14330,354,469,9,9,10,1,117,32.5207,12417,0,336,214,108,41,1,119,46,22,0,14063,10916,,980,554,-3951,,,136,2100,6840,4590,,,,6740,167,82,606,148,27,4,110,244,287,22,1,,3,54,29,2,,7,,,,,,,,5,,,,,,
16,86,73,128,10635,30975,789,587,12,8,24,4,402,38.743,20456,0,6581,235,147,112,114,48,137,25,0,17536,14837,,125,9127,-3592,,,465,4859,8234,15694,200,,,7689,330,20,1699,49,40,3,185,,10,25,3,,1,1,31,3,,3,,,,,,,,10,,,,,,
16,87,74,129,1792,17485,422,538,8,11,16,3,204,102.433,10092,0,2899,108,98,50,1,168,46,23,0,13932,14975,596,296,141,-4489,-1564,,560,3655,5408,8059,581,,,6585,311,64,2214,93,91,1,1792,,51,24,,,1,2,41,3,,11,,,,1,,,,8,,,,,,
16,88,5,130,1147,14720,305,393,3,10,20,1,58,18.6478,7350,0,595,254,1,100,37,214,48,20,0,13041,8252,,450,254,-3050,,,362,3860,4636,2424,200,,,7572,147,3,316,100,153,4,47,,14,20,,2,,9,39,2,,23,,,,,,2,,1,,,,,,
16,89,98,131,2418,25600,528,585,19,9,15,4,217,None,21149,515,935,108,121,235,29,114,127,25,0,18737,12787,596,293,130,-3684,,,890,3860,10645,8893,200,,,4473,1,,334,305,1,1,270,,118,25,,,7,5,45,6,2,12,,,,,1,,,,,,,,,
16,90,68,132,2214,13620,348,358,3,13,17,1,107,26.7671,10043,0,0,65,48,100,118,108,0,19,0,8473,10709,596,50,50,-4397,-1397,,,3524,2620,7359,200,,,3291,46,195,84,146,72,,41,,52,19,,,4,1,29,,,9,,118,,1,2,,,35,,,,,,
17,63,62,0,1872,21260,456,504,9,13,17,1,111,2.20171,15696,2678,1258,185,96,1,180,168,81,24,0,16706,12176,1251,1799,1012,-5357,-2927,,1049,4084,12647,3637,842,350,,7294,115,83,394,26,168,4,134,,,24,4,,11,44,50,4,,10,,,,2,1,,,3,,,,,,
17,62,25,1,3150,18275,411,470,10,11,16,7,187,124.583,14948,0,2151,48,100,1,61,43,108,23,0,11741,15910,1251,896,893,-5899,-1585,,1287,4283,6331,7083,600,525,,6561,168,92,172,195,97,4,69,,61,23,1,1,,9,45,5,,18,,,,1,1,,,20,,,,,,
17,91,71,2,2066,19815,399,420,13,13,14,2,106,153.77,17838,0,606,63,116,249,135,172,40,22,0,14854,10916,357,513,202,-6197,,,332,3860,9282,4120,810,700,,3469,82,,465,7,93,4,114,,,22,1,,,14,30,2,,9,,,,,,,,8,,,,,,
17,0,72,3,933,23025,462,461,13,12,18,4,269,19.0461,21210,0,2733,50,156,116,152,0,147,23,0,11924,15359,1251,710,514,-5268,-2158,,1685,4497,6695,9678,869,700,,5970,205,434,916,34,22,10,360,,218,23,2,1,6,5,45,5,,15,1,,,2,1,,,5,,,,,,
17,92,46,4,1872,33240,556,514,12,8,15,10,363,0.13375,19222,0,5361,116,1,135,220,139,154,25,0,10545,18746,1251,2067,1354,-4252,,,2866,4941,7033,14469,600,525,,8194,222,98,883,141,3,1,461,,114,25,,,1,75,38,7,,14,,,,,,,,,,,,,,
17,0,68,128,1627,11905,241,279,2,9,14,3,52,2.94336,4859,0,34,29,187,254,0,0,108,18,0,10003,7687,,32,,-2781,,,50,2200,5119,1615,,,,6884,107,73,339,199,46,4,55,,7,18,,,,2,32,1,,6,,,,,,,,,,,,,,
17,93,63,129,2811,24700,523,511,16,13,17,1,253,0.501514,22208,0,5765,63,123,139,168,166,135,25,0,18391,13477,,537,510,-4997,-1880,,37,3118,13954,9234,,,,6415,209,,748,51,,,291,,,25,,1,1,46,27,1,,3,,,,1,3,,,2,,,,,,
17,0,74,130,1361,19870,382,476,6,15,19,10,203,69.7029,11004,0,811,102,100,116,48,108,0,24,0,17224,12571,,372,162,-4785,-1592,,1062,2023,9060,6626,,,,7028,1,288,1250,150,118,5,1582,,165,28,3,,2,5,49,4,,23,1,,,1,,,,,,,,,,
17,0,34,131,2914,21470,437,516,16,8,28,4,224,None,30328,0,78,41,204,1,220,30,121,25,0,20598,11810,,319,80,-2633,-1868,,,2200,11655,7327,,,,4232,83,31,156,359,119,,823,,6,25,,1,4,4,28,,,8,,,,1,3,,,11,,,,,,
17,94,109,132,366,26185,501,512,16,12,20,23,308,None,17971,19,2908,160,114,147,154,21,48,25,0,15591,16553,,313,47,-5628,-2770,,1781,2913,10917,11444,,,,6341,240,93,791,6,15,2,196,,8,25,1,,3,11,32,5,,6,,,,2,1,,,2,,,,,,
18,95,75,0,1353,15325,337,463,5,4,15,1,74,None,10708,0,1331,96,0,63,254,0,102,20,0,10158,10592,447,575,228,-1286,,,832,1693,6264,2611,200,175,,2972,87,11,266,76,182,5,42,,138,20,,,2,3,39,3,,18,15,,,,,,,10,,,,,,
18,96,68,1,723,8775,230,243,3,7,4,2,77,3.74353,8058,0,60,37,214,46,108,0,0,14,0,1742,9720,,8,,-2303,,,50,1320,1618,2809,200,175,,3444,98,1,444,126,35,4,55,,197,14,,1,,2,33,1,,2,,,,,7,,,7,,,,,,
18,97,46,2,345,20445,545,610,13,6,10,3,341,0.100283,18214,0,1633,41,1,135,168,141,63,23,0,9703,17481,447,1063,718,-3804,-1727,,357,1720,5841,12454,200,,,4458,,390,911,163,,2,451,,36,25,2,1,5,23,32,2,,37,,137,,2,,,,3,,,,,,
18,98,107,3,2130,11180,289,340,6,4,15,4,91,110.199,12349,1449,33,180,36,1,108,0,92,17,0,7544,7483,447,516,292,-1586,,,450,1320,4079,2853,200,175,,2808,97,13,265,298,96,4,88,,106,17,,,,9,30,2,,5,,,,,1,,,4,,,,,,
18,99,72,4,1127,28045,609,637,11,6,10,30,482,9.9841,24415,0,3209,164,116,154,135,139,48,24,0,7802,21627,447,110,100,-2394,,,1904,1750,4440,16957,531,175,,5594,222,220,1131,38,27,5,382,4,226,24,,,2,11,45,6,,17,,,,,,,,1,,,,,,
18,100,73,128,3593,40450,888,698,3,6,8,2,420,42.177,12919,0,3225,112,116,137,147,235,48,25,0,7562,22752,1192,1329,12946,-2034,,,3450,3877,2367,17316,555,,,4091,112,92,1022,107,35,8,190,,148,25,4,1,11,20,38,5,,12,,,,,2,,,5,,,,,,
18,0,100,129,4436,9685,315,348,5,12,11,1,50,34.8042,5639,154,0,92,30,185,36,180,102,17,0,9068,6644,596,80,,-2748,,,245,3020,4648,2060,400,,,5408,79,5,245,69,68,3,64,,201,15,5,,9,3,48,3,,14,,,,,,,,5,,,,,,
18,101,93,130,4017,24940,579,691,7,3,8,2,365,0.167178,11516,0,4213,160,135,63,117,154,152,25,0,9736,21794,596,378,134,-1167,,,2249,3969,4092,13589,769,,,5243,97,30,1160,5,1,19,661,,80,25,5,2,7,4,49,4,,20,,,,,1,,,1,,,,,,
18,102,9,131,1628,12655,330,354,4,9,10,4,83,49.2298,8887,0,607,63,46,212,36,154,116,17,0,8167,7818,596,76,,-2301,,,90,3216,3787,3450,400,,,3940,3,94,488,47,1,6,190,6,238,16,1,1,5,,37,,,10,,,,,2,,,,,,,,,
18,103,61,132,808,24405,529,529,8,8,9,6,291,None,9770,0,749,229,1,50,21,112,154,21,0,6563,17093,596,637,363,-2962,,,1562,3246,4115,12089,400,,,4926,129,49,580,58,157,7,197,,16,21,2,,13,15,44,4,,19,,4,,,,,,5,,,,,,
19,104,36,0,1569,10415,339,293,4,9,13,0,54,2.77092,3201,3179,80,102,29,42,108,37,46,14,0,4383,5840,596,130,,-1851,,,,3860,2686,1984,200,175,,3768,98,49,467,10,12,5,108,,35,15,2,2,3,3,29,,,13,,108,,,1,1,,1,,,,,,
19,105,76,1,1812,16135,536,500,5,7,8,54,189,46.4033,8693,0,1545,36,119,37,63,98,152,18,0,7225,10693,,705,301,-2873,,,55,4528,3299,7754,200,175,,3740,87,145,611,28,95,8,52,,290,17,,,,9,34,1,,9,7,,,,,,,,,,,,,
19,106,7,2,935,10965,320,302,1,5,11,9,57,41.7219,3785,0,528,180,60,1,36,60,60,14,0,5013,5472,,781,375,-1405,-801,,1075,4009,1493,1961,200,175,,3731,85,46,275,75,5,6,129,,,14,1,,2,9,32,2,,1,,,,1,,,,20,,,,,,
19,107,19,3,1691,29150,801,759,17,2,12,7,296,51.079,27276,0,12778,52,1,112,108,135,48,23,0,14527,12884,596,290,245,-1108,,,1069,6099,7960,11353,460,,,8790,1,20,3317,103,88,,72,,150,21,,2,2,15,29,2,,17,,323,,,,,,,,,,,,
19,108,91,4,2368,9715,362,393,6,5,10,3,29,16.9054,7805,7840,804,36,100,254,41,92,48,16,0,6822,6720,596,517,324,-1915,-679,,37,3860,4126,1089,200,175,,4975,186,1,261,15,156,,168,240,265,15,,,,37,23,1,,16,,144,,1,,1,,1,,,,,,
19,109,51,128,209,6250,218,230,0,11,12,0,48,26.2115,7665,0,0,0,36,185,63,46,73,12,0,3631,4944,,,,-2719,,,55,480,2082,1651,200,,,6566,150,6,687,118,1,4,178,,134,12,,,,4,33,1,,9,,,,,,,,2,,,,,,
19,110,93,129,1199,26490,766,876,22,3,4,28,299,None,20585,0,29,110,154,143,160,116,63,25,0,15418,16434,596,193,107,-1707,-1228,,1469,480,10888,12737,594,,,3708,118,73,1356,1,17,17,221,,219,25,1,,2,5,35,4,,22,,,,1,2,,,,,,,,,
19,111,34,130,24,8245,242,219,0,7,5,3,128,None,3136,0,18,1,48,31,178,6,77,11,1,1817,6328,,25,,-2003,,,127,709,608,3782,200,,,1573,,32,198,86,51,4,126,,2,12,,,,1,18,2,,10,,,,,2,,,,,,,,,
19,0,73,131,2,21365,627,520,3,8,13,3,237,58.9848,12128,0,651,229,50,210,31,114,137,19,0,6002,12155,596,640,6690,-2872,-833,,762,650,3566,8533,200,,,4571,1,333,2340,171,142,4,312,,449,19,1,4,5,34,30,4,2,14,,,,1,2,,,,,,,,,
19,0,30,132,395,8070,246,255,3,6,8,0,17,41.2861,4508,2775,58,36,254,92,42,63,46,13,0,4275,4449,596,187,94,-1674,,,,480,4126,565,200,,,4199,57,16,92,37,64,5,39,35,27,13,,1,,4,45,,,18,,,,,,,,,,,,,,
20,112,71,0,2961,15100,472,517,9,3,11,1,73,110.162,11219,1159,274,92,226,135,63,65,46,19,0,9911,9098,447,243,94,-1317,,,715,3888,5163,4335,687,,,3908,107,,336,2,112,4,70,,,19,1,,,5,28,4,,9,,357,,,1,,,6,,,,,,
20,113,59,1,1360,18845,591,705,14,9,10,19,153,None,20928,0,5710,151,229,116,63,112,164,22,0,14856,10777,1043,210,100,-3981,-1065,,,4701,6923,6243,733,,,2800,68,5,446,8,473,5,37,145,16,23,3,,6,12,34,,,14,,15,,1,1,,,4,,,,,,
20,114,95,2,767,18275,512,514,4,5,6,8,229,7.3844,7174,0,3952,50,46,164,147,160,152,19,0,3898,14683,596,434,172,-2005,,,399,4963,2008,8163,400,,,4195,77,134,1084,26,6,12,180,108,10,19,1,3,1,16,32,1,,18,,113,,,1,,,9,,,,,,
20,115,21,3,658,13225,366,360,6,4,11,6,51,42.1866,8205,0,1596,50,24,69,1,46,108,16,0,6974,5390,1043,317,119,-1526,,,562,4096,3503,2042,400,,,4009,116,31,458,62,38,6,117,2,147,16,,,,27,25,3,,12,,,,,,,,4,,,,,,
20,0,7,4,2,12090,322,233,3,9,17,1,39,49.9467,6216,0,96,48,46,218,37,1,102,12,0,3629,4462,447,364,264,-2301,,,487,3780,2405,1619,400,,,3414,3,9,177,79,10,4,120,,15,12,,1,5,8,37,2,1,14,,,,,,,,6,,,,,,
20,116,69,128,698,17665,508,418,10,8,3,0,150,0.13375,6523,0,0,55,50,108,9,65,249,17,0,5572,10152,,192,2204,-2662,,,349,400,5988,6945,,,,2757,28,34,378,6,59,7,137,,30,17,,,,6,27,3,,5,,,,,2,,,3,,,,,,
20,117,31,129,3262,7625,298,464,4,7,11,4,24,0.800977,9387,1086,27,214,37,102,46,92,0,18,0,10391,5822,,1464,82,-1703,,,100,400,6252,814,,,,3967,98,15,229,14,460,2,18,,88,18,,,,1,34,2,,16,2,,,,1,,,8,,,,,,
20,118,39,130,1006,9065,385,443,7,13,10,7,137,None,9510,0,73,77,63,41,108,0,77,17,0,7103,9481,,299,128,-4577,-1084,,125,400,4711,5615,,,,2977,2,34,697,110,3,3,145,,181,17,1,,3,9,37,3,,10,,,,1,2,1,,10,,,,,,
20,119,8,131,1559,14465,443,555,3,7,8,25,239,None,8011,0,728,7,145,154,7,71,50,20,0,8241,12274,,629,188,-2663,,,112,618,3810,8462,,,,4568,3,458,707,13,30,5,168,,208,20,,,,6,32,2,,9,,,,,,,,6,,,,,,
20,120,55,132,2010,13935,428,458,6,3,10,2,199,12.0254,9194,1705,125,90,178,1,46,231,21,18,0,7394,9626,,423,150,-1077,,,100,400,5104,6835,,,,6438,260,14,867,88,152,4,75,,268,18,,1,,1,35,,,16,,,,,,,,2,,,,,,
21,116,106,0,5474,13645,600,633,11,6,18,4,146,None,19217,0,1731,63,36,41,145,141,0,20,0,10185,10400,,730,471,-2064,,,100,5151,5422,5595,200,,,3194,129,45,716,161,1,7,300,,71,19,,1,1,26,29,1,,9,,,,,,,,,,,,,,
21,117,84,1,5176,7445,360,419,3,3,16,1,45,25.0869,7758,0,371,214,108,42,0,36,0,16,0,7206,6207,447,263,110,-657,,,412,3635,2975,1832,200,,,3082,81,16,285,9,270,2,29,,65,16,3,,1,6,31,3,,15,8,,,,1,,,10,,,,,,
21,121,102,2,4222,11905,466,504,9,5,15,5,96,None,12710,4456,1671,114,57,81,0,0,50,17,0,7636,8488,447,410,168,-1225,,,713,3803,4140,4025,200,,,2532,85,44,655,6,138,2,56,,121,17,1,,,4,27,4,,3,,,,,2,,,,,,,,,
21,122,50,3,2825,9560,384,383,3,8,14,2,43,5.50232,5756,7408,884,79,180,46,23,0,36,15,0,6469,5660,447,349,152,-1912,,,200,4344,3178,1697,200,,,2673,113,1,390,38,157,5,45,,139,15,,,,15,44,1,,13,,,,,,,,6,,,,,,
21,123,1,4,7554,15325,665,583,12,3,12,10,229,7.11902,14663,0,6825,147,63,0,145,143,46,19,0,7180,11561,447,466,198,-957,,,525,4664,4380,9296,502,,,4313,2,129,1302,120,3,4,51,,350,19,,,2,30,32,3,,18,,,,,,,,,,,,,,
21,124,21,128,243,8735,314,321,3,9,8,7,101,63.1202,12453,0,914,77,50,46,1,41,67,14,0,2819,7756,,261,174,-2811,,,31,707,2141,4194,,,,4190,150,291,754,83,43,4,298,,175,14,,,,32,23,1,,8,,,,,2,,,3,,,,,,
21,125,2,129,323,10485,383,489,7,9,5,0,136,None,9485,0,34,1,127,36,214,46,242,17,0,7244,8968,,262,164,-2721,-807,,,480,3982,4919,,,,3345,47,37,202,23,30,4,62,,1,17,2,,2,4,29,,,7,,,,1,1,,,1,,,,,,
21,126,22,130,271,8265,306,350,4,10,13,2,78,5.21025,20435,0,0,180,46,100,1,0,0,14,0,4418,7350,,26,50,-2480,-193,,278,480,3206,3205,,,,2244,34,10,117,31,169,5,37,,39,14,,,,,30,2,,7,,,,1,,,,,,,,,,
21,0,14,131,345,4885,208,244,4,10,7,3,26,22.8659,8109,0,0,214,46,218,188,36,41,12,0,3951,4269,,,,-2720,-586,,15,480,2179,1002,,,,3662,90,1,268,37,23,4,37,68,1,12,,,,2,36,1,,10,,39,,1,,,,,,,,,,
21,0,42,132,581,15115,481,541,4,4,4,3,191,32.1488,6469,728,0,50,116,65,145,143,0,18,0,4186,14049,,,,-1736,,,100,480,2709,9645,,,,4582,118,5,669,,42,4,163,,,18,,,,,18,1,,4,,,,,2,,,,,,,,,
22,0,9,0,5032,11745,372,470,3,5,26,0,95,70.7939,11975,0,1567,63,147,181,174,88,0,20,0,11222,9389,447,554,250,-1345,,,25,3645,4347,4089,200,,,2602,52,52,671,60,6,4,145,2,105,20,1,,3,5,34,1,,3,,,,,,,,2,,,,,,
22,127,7,1,3384,14770,413,577,5,6,30,4,135,134.108,15073,0,1768,1,178,102,100,108,214,22,0,15270,10698,447,87,,-2514,,,100,3120,5488,5563,200,,,3738,116,3,678,91,18,8,117,,268,22,,,,3,33,1,,9,,,,,,,,6,,,,,,
22,0,32,2,59,20855,462,607,21,8,15,8,55,None,18597,0,859,143,39,139,50,154,196,23,0,20568,6532,447,361,175,-2812,,,997,3120,10711,2457,200,,,4538,,4,524,43,51,,185,1,139,22,,,1,14,41,3,,8,,,,,1,,,7,,,,,,
22,40,93,3,2380,21125,525,712,12,7,22,4,207,None,25226,0,2801,98,116,152,63,160,212,25,0,17878,14105,447,281,182,-3053,,,744,4083,6872,7986,412,,,3847,1,10,2213,9,16,13,369,2,7,25,1,1,1,12,44,4,,17,,,,,1,,,7,,,,,,
22,128,21,4,830,21405,499,580,13,7,17,4,193,74.0079,16764,0,3817,166,116,48,1,149,108,22,0,13164,12350,,1121,679,-3323,,,1230,4122,5951,7395,200,,,3397,,121,589,136,73,4,233,,150,23,2,,2,22,38,4,,26,,,,,,,,6,,,,,,
22,129,39,128,48,16795,422,538,12,10,8,0,119,0.033418,19159,0,269,41,46,58,63,108,135,21,0,15529,8837,,373,335,-4280,-1341,,235,921,8972,4565,,,,5319,136,60,685,172,25,4,369,,101,21,,,,4,41,1,,32,,,,1,1,,,42,,,,,,
22,0,69,129,490,11415,314,311,2,9,10,1,107,0.133628,6957,0,179,242,90,36,40,88,63,16,0,5793,8505,,6,2325,-3651,-677,,74,720,2477,4134,,175,,4620,129,1,479,15,177,9,171,2,1,16,,,,,46,1,,18,,,,1,1,,,2,,,,,,
22,130,26,130,748,8380,248,310,4,11,10,0,11,61.5619,8763,0,184,214,73,1,42,0,60,16,0,8367,5527,,352,122,-4129,-1127,,25,720,5296,501,,175,,3129,50,,211,64,92,4,31,,1,16,,,,2,39,1,,4,,,,1,1,,,2,,,,,,
22,131,78,131,368,14325,416,571,8,13,11,5,193,67.3118,21434,0,319,63,21,137,1,41,8,22,0,12954,12742,,544,247,-6377,-1469,,332,720,6020,7379,,175,,3445,1,49,752,68,61,4,270,,66,22,2,1,1,14,33,1,,14,,,,1,,,,3,,,,,,
22,132,42,132,862,13080,362,405,6,12,7,1,181,44.827,8339,292,0,151,116,36,46,63,51,18,1,6951,11673,,,,-4278,,,112,720,3969,7194,,175,,4736,102,56,673,5,49,9,45,76,3,18,,,,1,26,1,,13,,18,,,2,,,2,,,,,,
23,133,68,0,2359,17380,420,397,7,6,22,3,57,53.6836,11916,0,897,218,102,100,254,214,108,18,0,11846,5413,,909,508,-1794,,,1312,4344,7095,2362,,350,,5003,86,18,325,101,76,4,55,,40,17,6,1,11,19,60,4,,29,,,,,,1,,13,,,,,,
23,0,100,1,1519,20340,498,506,12,13,16,6,155,62.1693,20080,0,1821,63,116,249,112,46,185,21,0,11738,11021,,404,182,-4067,,,397,4339,7010,6322,,350,,3170,83,1,330,87,123,4,110,,37,21,1,1,5,2,49,2,,21,,,,,1,,,,,,,,,
23,134,47,2,4429,14885,426,444,6,10,14,7,130,None,14572,0,2085,212,114,41,63,46,154,19,0,8430,11333,,552,298,-2720,,,592,4373,4827,5089,,350,,4475,,1,685,15,102,4,92,,64,19,,,1,14,42,4,,20,29,,,,,,,1,,,,,,
23,135,1,3,9515,21925,678,712,9,5,6,8,385,16.4213,11341,369,6735,63,145,208,147,81,46,25,0,7088,24814,,668,358,-1225,,,1050,5333,4750,15628,,350,,4849,5,7,2427,131,13,25,24,,140,24,,,2,46,38,4,,8,,,,,,,,1,,,,,,
23,0,62,4,3772,14220,418,336,8,16,15,0,28,1.90222,9927,878,403,231,96,30,0,187,46,17,0,10342,4269,,781,350,-3134,,,162,3860,9216,1153,,,,2588,37,,215,15,137,,181,,151,16,6,,7,1,40,2,,21,,,,,2,,,3,,,,,,
23,40,42,128,2111,19335,438,500,10,2,16,14,216,61.6239,14168,2467,763,151,116,1,127,48,143,20,0,9587,12758,357,172,86,-958,,,1306,834,5658,8262,610,,,3582,,45,1774,55,56,10,49,72,,20,,,5,13,33,5,,10,,,,,4,,,17,,,,,,
23,136,3,129,358,13145,310,349,15,8,19,0,18,83.8035,15397,655,408,231,254,1,218,178,188,17,0,10581,4976,357,65,50,-3052,,,,834,7659,666,400,,,4170,119,1,221,52,85,5,39,1,,17,1,,1,,42,,,7,,,,,2,,,4,,,,,,
23,137,59,130,6,12730,337,395,8,13,11,6,115,None,15348,0,685,114,151,63,164,46,0,18,0,7490,8948,1251,379,196,-4247,-1269,,,680,4813,4785,400,,,3834,91,21,592,14,867,4,25,37,,19,4,,5,14,35,,,15,2,255,,1,,,,1,,,,,,
23,0,22,131,196,13200,329,401,5,12,32,1,123,1.90147,22321,0,0,180,108,69,102,0,46,18,0,7242,9563,1251,282,236,-3348,-490,,937,680,4553,4428,582,,,3513,155,1,202,90,439,6,176,,40,18,,4,2,10,38,,,14,,,,1,,,,14,,,,,,
23,138,21,132,698,11935,338,376,11,7,14,3,88,74.5566,12441,0,689,50,1,36,108,77,30,18,0,8315,8301,357,233,145,-2723,-1106,,124,843,6015,3501,400,,,3237,1,9,557,127,98,4,150,,104,17,4,,2,2,42,3,,17,,,,1,1,,,3,,,,,,
24,139,87,0,1571,12485,297,397,5,8,23,2,52,None,8100,1076,106,79,214,0,77,108,218,19,0,12412,6915,357,103,100,-2962,,,,880,6820,1848,200,,,3015,51,4,385,105,77,4,44,,99,18,1,,2,,52,,,4,,,,,1,,,18,,,,,,
24,140,39,1,1203,15120,384,434,13,11,18,5,144,None,25765,0,575,116,108,41,63,129,0,20,0,11722,8861,357,693,382,-4399,,,235,1108,6515,5977,200,,,3169,1,1,491,122,50,4,293,,283,20,5,1,8,60,32,1,,8,,,,,3,,,12,,,,,,
24,141,85,2,1210,11325,286,356,4,12,27,5,86,None,9201,1077,172,90,242,127,180,0,0,18,0,10601,6787,357,27,,-4488,,,62,880,4792,3400,200,,,1668,48,2,218,97,44,5,82,,100,18,1,,,,29,1,,8,,,,,3,,,,,,,,,
24,142,74,3,5,14205,377,466,10,8,13,16,154,86.4473,15232,0,1529,50,100,98,36,46,108,21,0,9460,12013,357,1380,823,-3802,-1288,,,1294,5182,6055,481,,,5960,,,833,69,67,4,1855,,266,25,,,,37,36,,,9,,,,2,,2,,1,,,,,,
24,143,62,4,1031,17845,417,421,8,11,7,6,139,1.80269,9998,0,416,116,50,212,145,46,160,20,0,8360,12252,357,30,50,-4009,,,50,1100,8764,5673,200,,,4788,2,,377,7,107,5,181,,,20,1,,,,37,2,,8,,,,,1,,,1,,,,,,
24,0,109,128,7214,22070,629,604,13,9,22,5,349,None,17141,0,9209,48,141,162,0,116,147,24,0,13925,15742,,501,624,-3771,,,1087,5574,6883,13284,,,,3671,177,1,1951,12,11,4,159,,,24,,,5,4,38,4,2,11,,,,,1,,,,,,,,,
24,144,7,129,2926,15590,374,482,7,4,25,1,54,118.965,16041,0,729,180,40,108,1,110,0,21,0,16145,7875,,127,,-1556,,,37,3782,7725,2134,,,,5060,263,,370,106,4,5,94,,,20,,,,4,34,1,,11,,,,,,1,,7,,,,,,
24,145,98,130,3819,15890,439,454,11,12,16,1,209,None,17796,395,787,63,121,127,36,46,114,20,0,8607,13862,,208,78,-3682,,,100,3794,4759,8260,,,,5551,329,,924,173,,8,173,,,20,1,,4,7,36,1,1,15,,,,,,,,,,,,,,
24,146,75,131,2348,20320,487,612,14,6,15,4,141,None,23708,0,1358,112,0,96,0,0,249,24,0,18904,11308,,394,753,-2544,-1707,,1396,3857,9417,5283,,,,5232,187,43,709,15,169,5,168,,7,24,,,,39,39,4,,12,1,,,1,1,,,1,,,,,,
24,147,26,132,3818,8655,288,312,5,13,19,2,45,65.5966,8568,0,356,102,42,46,0,214,36,17,0,8845,6173,,658,494,-3887,,,71,3680,4020,1204,,,,4052,257,15,521,41,99,1,28,,,17,,4,3,15,45,2,,17,,,,,1,,,3,,,,,,